Phylum	Family	genomes	rdrp
Duplornaviricota	Alternaviridae	5	5
Duplornaviricota	Artiviridae	9	9
Duplornaviricota	Botybirnaviridae	9	9
Duplornaviricota	Chrysoviridae	39	39
Duplornaviricota	Cystoviridae	9	9
Duplornaviricota	Fusagraviridae	20	20
Duplornaviricota	Giardiaviridae	1	1
Duplornaviricota	Inseviridae	16	16
Duplornaviricota	Lebotiviridae	8	8
Duplornaviricota	Megabirnaviridae	5	5
Duplornaviricota	Megatotiviridae	2	2
Duplornaviricota	Monocitiviridae	1	1
Duplornaviricota	Ootiviridae	7	7
Duplornaviricota	Orthototiviridae	32	32
Duplornaviricota	Phlegiviridae	4	4
Duplornaviricota	Pistolviridae	4	4
Duplornaviricota	Pseudototiviridae	46	46
Duplornaviricota	Quadriviridae	5	5
Duplornaviricota	Sedoreoviridae	47	47
Duplornaviricota	Spiciviridae	13	13
Duplornaviricota	Spinareoviridae	49	49
Duplornaviricota	Yadonushiviridae	1	1
Kitrinoviricota	Alphaflexiviridae	74	74
Kitrinoviricota	Alphatetraviridae	3	3
Kitrinoviricota	Ambiguiviridae	42	42
Kitrinoviricota	Benyviridae	5	5
Kitrinoviricota	Betaflexiviridae	151	151
Kitrinoviricota	Bromoviridae	53	53
Kitrinoviricota	Closteroviridae	86	86
Kitrinoviricota	Deltaflexiviridae	4	4
Kitrinoviricota	Endornaviridae	31	31
Kitrinoviricota	Flaviviridae	83	83
Kitrinoviricota	Gammaflexiviridae	4	4
Kitrinoviricota	Hepaciviridae	48	48
Kitrinoviricota	Hepeviridae	25	25
Kitrinoviricota	Kitaviridae	27	27
Kitrinoviricota	Matonaviridae	4	4
Kitrinoviricota	Mayoviridae	4	4
Kitrinoviricota	Mycoalphaviridae	7	7
Kitrinoviricota	Nodaviridae	18	18
Kitrinoviricota	Pestiviridae	25	25
Kitrinoviricota	Sinhaliviridae	2	2
Kitrinoviricota	Tobaliviridae	9	9
Kitrinoviricota	Togaviridae	52	52
Kitrinoviricota	Tombusviridae	99	99
Kitrinoviricota	Tymoviridae	24	24
Kitrinoviricota	Virgaviridae	56	56
Lenarviricota	Atkinsviridae	262	262
Lenarviricota	Blumeviridae	38	38
Lenarviricota	Botourmiaviridae	160	160
Lenarviricota	Duinviridae	12	12
Lenarviricota	Fiersviridae	828	828
Lenarviricota	Mitoviridae	105	105
Lenarviricota	Narnaviridae	2	2
Lenarviricota	Ourmiaviridae	26	26
Lenarviricota	Rhizouliviridae	6	6
Lenarviricota	Solspiviridae	101	101
Lenarviricota	Splipalmiviridae	26	26
Lenarviricota	Steitzviridae	1289	1289
Lenarviricota	NA	11	11
Negarnaviricota	Aliusviridae	12	12
Negarnaviricota	Amnoonviridae	1	1
Negarnaviricota	Arenaviridae	82	82
Negarnaviricota	Artoviridae	14	14
Negarnaviricota	Aspiviridae	20	20
Negarnaviricota	Bornaviridae	27	27
Negarnaviricota	Chuviridae	44	44
Negarnaviricota	Crepuscuviridae	1	1
Negarnaviricota	Cruliviridae	4	4
Negarnaviricota	Discoviridae	7	7
Negarnaviricota	Filoviridae	18	18
Negarnaviricota	Fimoviridae	33	33
Negarnaviricota	Hantaviridae	79	79
Negarnaviricota	Konkoviridae	7	7
Negarnaviricota	Leishbuviridae	11	11
Negarnaviricota	Lispiviridae	51	51
Negarnaviricota	Mymonaviridae	74	74
Negarnaviricota	Mypoviridae	1	1
Negarnaviricota	Myriaviridae	1	1
Negarnaviricota	Nairoviridae	72	72
Negarnaviricota	Natareviridae	1	1
Negarnaviricota	Nyamiviridae	30	30
Negarnaviricota	Orthomyxoviridae	22	22
Negarnaviricota	Paramyxoviridae	154	154
Negarnaviricota	Peribunyaviridae	199	199
Negarnaviricota	Phasmaviridae	34	34
Negarnaviricota	Phenuiviridae	235	235
Negarnaviricota	Pneumoviridae	5	5
Negarnaviricota	Qinviridae	8	8
Negarnaviricota	Rhabdoviridae	627	627
Negarnaviricota	Sunviridae	1	1
Negarnaviricota	Tospoviridae	35	35
Negarnaviricota	Tulasviridae	2	2
Negarnaviricota	Wupedeviridae	1	1
Negarnaviricota	Xinmoviridae	30	30
Negarnaviricota	Yueviridae	2	2
Pisuviricota	Abyssoviridae	1	1
Pisuviricota	Alvernaviridae	1	1
Pisuviricota	Amalgaviridae	23	23
Pisuviricota	Arteriviridae	23	23
Pisuviricota	Astroviridae	30	30
Pisuviricota	Barnaviridae	1	1
Pisuviricota	Caliciviridae	27	27
Pisuviricota	Coronaviridae	59	59
Pisuviricota	Cremegaviridae	2	2
Pisuviricota	Curvulaviridae	8	8
Pisuviricota	Dicistroviridae	16	16
Pisuviricota	Euroniviridae	3	3
Pisuviricota	Fusariviridae	53	53
Pisuviricota	Gresnaviridae	1	1
Pisuviricota	Hadakaviridae	2	2
Pisuviricota	Hypoviridae	58	58
Pisuviricota	Iflaviridae	16	16
Pisuviricota	Marnaviridae	20	20
Pisuviricota	Medioniviridae	1	1
Pisuviricota	Mesoniviridae	14	14
Pisuviricota	Nanghoshaviridae	1	1
Pisuviricota	Nanhypoviridae	1	1
Pisuviricota	Noraviridae	1	1
Pisuviricota	Olifoviridae	1	1
Pisuviricota	Parahypoviridae	15	15
Pisuviricota	Partitiviridae	70	70
Pisuviricota	Picobirnaviridae	5	5
Pisuviricota	Picornaviridae	557	557
Pisuviricota	Polycipiviridae	14	14
Pisuviricota	Polymycoviridae	32	32
Pisuviricota	Potyliviridae	2	2
Pisuviricota	Potyviridae	283	283
Pisuviricota	Roniviridae	4	4
Pisuviricota	Secoviridae	204	204
Pisuviricota	Solemoviridae	149	149
Pisuviricota	Solinviviridae	2	2
Pisuviricota	Soropartitiviridae	1	1
Pisuviricota	Tobaniviridae	21	21
Pisuviricota	Yadokariviridae	13	13
NA	Birnaviridae	16	16
NA	Permutotetraviridae	2	2
