Family	atpase_nucleocytoviricota_orf_names	dnapol_nucleocytoviricota_orf_names	majorcapsid_nucleocytoviricota_orf_names	primase_nucleocytoviricota_orf_names	rnapol1_nucleocytoviricota_orf_names	rnapol2_nucleocytoviricota_orf_names	tf2s_nucleocytoviricota_orf_names	vltf3_nucleocytoviricota_orf_names	genomes
Allomimiviridae	4	5	3	5	4	5	4	5	5
Ascoviridae	5	6	6	5	5	5	5	5	7
Asfarviridae	20	20	20	20	20	20	20	20	20
Hydriviridae	0	1	1	1	1	1	1	1	1
Iridoviridae	52	52	55	52	52	52	47	52	55
Mamonoviridae	2	2	2	2	0	0	2	2	2
Marseilleviridae	4	4	4	4	3	3	4	4	5
Mesomimiviridae	6	6	6	6	6	6	6	6	6
Mimiviridae	20	20	20	20	20	20	20	20	20
Orpheoviridae	0	1	1	1	1	1	1	1	1
Phycodnaviridae	29	30	29	30	1	1	26	29	31
Pithoviridae	0	13	13	13	13	13	13	13	13
Poxviridae	52	54	14	49	53	53	44	2	54
Schizomimiviridae	2	2	2	2	2	2	2	2	2
Yaraviridae	2	0	2	0	0	0	0	0	2
